MAE,RMSE,max_err,rel_mae,epochs,final_loss,train_time_s
0.06723266896936277,0.10892779078845388,0.832770700149279,87695255.75221944,10007,0.6719236373901367,485.1
