MAE,RMSE,Coverage,Average Interval Width
0.005850925628483652,0.007828307277081205,0.9942857142857143,0.05343269836720362
