{
  "data_source": "synthetic",
  "n_observations": 2000,
  "elapsed_seconds": 96.0,
  "steps_executed": [
    "data",
    "ols",
    "dml",
    "forest",
    "dowhy",
    "counterfactual",
    "sensitivity",
    "visualize"
  ],
  "true_ate": 0.02011963606945396,
  "ols_coefficient": 0.019257944147560935,
  "dml_ate": 0.018184185320165334,
  "cf_ate": 0.017907642838247757,
  "dowhy_ate": 0.018564831081566795
}